"date","year","quarter","house_price","mortgage_rate","cpi","median_income","real_house_price","price_income_ratio"
1963-01-01,1963,"Q1",17800,NA,30.4766666666667,NA,188217.429727661,NA
1963-04-01,1963,"Q2",18000,NA,30.5333333333333,NA,189978.995633188,NA
1963-07-01,1963,"Q3",17900,NA,30.72,NA,187775.583767361,NA
1963-10-01,1963,"Q4",18500,NA,30.8033333333333,NA,193544.713775565,NA
1964-01-01,1964,"Q1",18500,NA,30.93,NA,192752.096131049,NA
1964-04-01,1964,"Q2",18900,NA,30.98,NA,196601.891542931,NA
1964-07-01,1964,"Q3",18900,NA,31.05,NA,196158.666666667,NA
1964-10-01,1964,"Q4",19400,NA,31.1933333333333,NA,200422.855310964,NA
1965-01-01,1965,"Q1",20200,NA,31.29,NA,208042.99989347,NA
1965-04-01,1965,"Q2",19800,NA,31.49,NA,202628.1740235,NA
1965-07-01,1965,"Q3",20200,NA,31.5833333333333,NA,206110.77994723,NA
1965-10-01,1965,"Q4",20300,NA,31.75,NA,206043.827821522,NA
1966-01-01,1966,"Q1",21000,NA,32.0466666666667,NA,211175.598086124,NA
1966-04-01,1966,"Q2",22100,NA,32.3366666666667,NA,220244.121224616,NA
1966-07-01,1966,"Q3",21500,NA,32.6166666666667,NA,212425.273377619,NA
1966-10-01,1966,"Q4",21400,NA,32.8833333333333,NA,209722.603142423,NA
1967-01-01,1967,"Q1",22300,NA,32.9666666666667,NA,217990.279069767,NA
1967-04-01,1967,"Q2",23300,NA,33.1666666666667,NA,226392.166834171,NA
1967-07-01,1967,"Q3",22500,NA,33.5,NA,216443.731343284,NA
1967-10-01,1967,"Q4",22900,NA,33.8666666666667,NA,217906.572834646,NA
1968-01-01,1968,"Q1",23900,NA,34.2,NA,225205.553606238,NA
1968-04-01,1968,"Q2",24900,NA,34.5333333333333,NA,232363.627413127,NA
1968-07-01,1968,"Q3",24800,NA,35,NA,228344.700952381,NA
1968-10-01,1968,"Q4",25600,NA,35.4333333333333,NA,232828.026340546,NA
1969-01-01,1969,"Q1",25700,NA,35.8666666666667,NA,230913.544609665,NA
1969-04-01,1969,"Q2",25900,NA,36.4333333333333,NA,229091.068618481,NA
1969-07-01,1969,"Q3",25900,NA,36.9333333333333,NA,225989.655234657,NA
1969-10-01,1969,"Q4",24900,NA,37.5,NA,213981.082666667,NA
1970-01-01,1970,"Q1",23900,NA,38.1,NA,202153.016622922,NA
1970-04-01,1970,"Q2",24400,NA,38.6333333333333,NA,203533.052631579,NA
1970-07-01,1970,"Q3",23000,NA,39.0333333333333,NA,189888.864218617,NA
1970-10-01,1970,"Q4",22600,NA,39.6,NA,183916.441077441,NA
1971-01-01,1971,"Q1",24300,NA,39.9333333333333,NA,196100.188647746,NA
1971-04-01,1971,"Q2",25800,7.41307692307692,40.3,NA,206310.799007444,NA
1971-07-01,1971,"Q3",25300,7.65846153846154,40.7,NA,200324.198198198,NA
1971-10-01,1971,"Q4",25500,7.55285714285714,41,NA,200430.414634146,NA
1972-01-01,1972,"Q1",26200,7.34923076923077,41.3333333333333,NA,204271.680645161,NA
1972-04-01,1972,"Q2",26800,7.34692307692308,41.6,NA,207610.237179487,NA
1972-07-01,1972,"Q3",27900,7.40615384615385,41.9333333333333,NA,214413.496025437,NA
1972-10-01,1972,"Q4",29200,7.43076923076923,42.3666666666667,NA,222108.846577498,NA
1973-01-01,1973,"Q1",30200,7.44615384615385,43.0333333333333,NA,226156.594887684,NA
1973-04-01,1973,"Q2",32700,7.65,43.9333333333333,NA,239861.694992413,NA
1973-07-01,1973,"Q3",33500,8.45692307692308,44.8,NA,240976.168154762,NA
1973-10-01,1973,"Q4",34000,8.62615384615385,45.9333333333333,NA,238538.374455733,NA
1974-01-01,1974,"Q1",35200,8.46230769230769,47.3,NA,239821.891472868,NA
1974-04-01,1974,"Q2",35600,8.88692307692308,48.5666666666667,NA,236221.27110501,NA
1974-07-01,1974,"Q3",36200,9.60615384615385,49.9333333333333,NA,233628.226969292,NA
1974-10-01,1974,"Q4",37200,9.79307692307692,51.4666666666667,NA,232929.341968912,NA
1975-01-01,1975,"Q1",38100,9.16846153846154,52.5666666666667,NA,233572.569435637,NA
1975-04-01,1975,"Q2",39000,8.87538461538462,53.2,NA,236243.721804511,NA
1975-07-01,1975,"Q3",38800,8.98384615384615,54.2666666666667,NA,230412.417690418,NA
1975-10-01,1975,"Q4",41200,9.16076923076923,55.2666666666667,NA,240237.74668275,NA
1976-01-01,1976,"Q1",42800,8.87307692307692,55.9,NA,246739.83064997,NA
1976-04-01,1976,"Q2",44200,8.77692307692308,56.4,NA,252551.799054374,NA
1976-07-01,1976,"Q3",44400,8.96769230769231,57.3,NA,249709.835951134,NA
1976-10-01,1976,"Q4",45500,8.84714285714286,58.1333333333333,NA,252228.10206422,NA
1977-01-01,1977,"Q1",46300,8.69333333333333,59.2,NA,252038.32545045,NA
1977-04-01,1977,"Q2",48900,8.80769230769231,60.2333333333333,NA,261625.012728279,NA
1977-07-01,1977,"Q3",48800,8.925,61.0666666666667,NA,257527.082969432,NA
1977-10-01,1977,"Q4",51600,8.93692307692308,61.9666666666667,NA,268348.311995697,NA
1978-01-01,1978,"Q1",53000,9.12692307692308,63.0333333333333,NA,270964.812268641,NA
1978-04-01,1978,"Q2",55300,9.55769230769231,64.4666666666667,NA,276437.665977249,NA
1978-07-01,1978,"Q3",56100,9.76,65.9666666666667,NA,274059.980798383,NA
1978-10-01,1978,"Q4",59000,10.1223076923077,67.5,NA,281679.69382716,NA
1979-01-01,1979,"Q1",60600,10.4092307692308,69.2,NA,282210.930635838,NA
1979-04-01,1979,"Q2",63100,10.7638461538462,71.4,NA,284798.992530345,NA
1979-07-01,1979,"Q3",64700,11.1569230769231,73.7,NA,282907.260967888,NA
1979-10-01,1979,"Q4",62600,12.4846153846154,76.0333333333333,NA,265324.652345463,NA
1980-01-01,1980,"Q1",63700,13.68,79.0333333333333,NA,259738.563475327,NA
1980-04-01,1980,"Q2",64000,14.4192307692308,81.7,NA,252444.09628723,NA
1980-07-01,1980,"Q3",64900,12.6430769230769,83.2333333333333,NA,251278.140969163,NA
1980-10-01,1980,"Q4",66400,14.2261538461538,85.5666666666667,NA,250075.281651734,NA
1981-01-01,1981,"Q1",66800,15.1269230769231,87.9333333333333,NA,244810.605003791,NA
1981-04-01,1981,"Q2",69400,16.2392307692308,89.7666666666667,NA,249144.711474192,NA
1981-07-01,1981,"Q3",69200,17.38,92.2666666666667,NA,241695.5,NA
1981-10-01,1981,"Q4",70400,17.7357142857143,93.7666666666667,NA,241953.262708852,NA
1982-01-01,1982,"Q1",66400,17.4141666666667,94.6,NA,226195.647639183,NA
1982-04-01,1982,"Q2",69600,16.7661538461538,95.9666666666667,NA,233720.136158388,NA
1982-07-01,1982,"Q3",69300,16.2215384615385,97.6333333333333,NA,228740.159098668,NA
1982-10-01,1982,"Q4",71600,14.0328571428571,97.9333333333333,NA,235607.866575902,NA
1983-01-01,1983,"Q1",73300,13.03,98,NA,241037.825170068,NA
1983-04-01,1983,"Q2",74900,12.7630769230769,99.1333333333333,NA,243483.429051782,NA
1983-07-01,1983,"Q3",77400,13.6414285714286,100.1,NA,249180.575424575,NA
1983-10-01,1983,"Q4",75900,13.46,101.1,NA,241934.565776459,NA
1984-01-01,1984,"Q1",78200,13.3330769230769,102.533333333333,61910,245781.379713914,3.96997867410619
1984-04-01,1984,"Q2",80700,14.0353846153846,103.5,61910,251269.911111111,4.05863206446634
1984-07-01,1984,"Q3",81000,14.4938461538462,104.4,61910,250029.827586207,4.03860164086911
1984-10-01,1984,"Q4",79900,13.6484615384615,105.3,61910,244526.374802153,3.94970723311505
1985-01-01,1985,"Q1",82800,13.0638461538462,106.266666666667,63090,251096.454203262,3.97997232847143
1985-04-01,1985,"Q2",84300,12.7853846153846,107.233333333333,63090,253340.760335717,4.0155454166384
1985-07-01,1985,"Q3",83200,12.1407692307692,107.9,63090,248490.152610442,3.93866147742022
1985-10-01,1985,"Q4",86800,11.7307692307692,109,63090,256625.925382263,4.06761650629677
1986-01-01,1986,"Q1",88000,10.5838461538462,109.566666666667,65430,258828.159415881,3.95580252813512
1986-04-01,1986,"Q2",92100,10.2461538461538,109.033333333333,65430,272212.235402018,4.16035817517985
1986-07-01,1986,"Q3",93000,10.2353846153846,109.7,65430,273201.841385597,4.17548282722905
1986-10-01,1986,"Q4",95000,9.68384615384615,110.466666666667,65430,277140.283645142,4.23567604531777
1987-01-01,1987,"Q1",97900,9.11461538461538,111.8,66250,282194.268932618,4.25953613483197
1987-04-01,1987,"Q2",103400,10.3430769230769,113.066666666667,66250,294708.899764151,4.44843622285511
1987-07-01,1987,"Q3",106000,10.4815384615385,114.266666666667,66250,298946.592765461,4.51240140023337
1987-10-01,1987,"Q4",111500,10.8642857142857,115.333333333333,66250,311549.690751445,4.70263684153125
1988-01-01,1988,"Q1",110000,10.0683333333333,116.233333333333,66740,304978.548895899,4.56965161666016
1988-04-01,1988,"Q2",110000,10.3592307692308,117.566666666667,66740,301519.761837256,4.51782681805897
1988-07-01,1988,"Q3",115000,10.4964285714286,119,66740,311428.37535014,4.666292708273
1988-10-01,1988,"Q4",113900,10.41,120.3,66740,305116.292047659,4.57171549367184
1989-01-01,1989,"Q1",118000,10.82,121.666666666667,67880,312548.701369863,4.60442989643287
1989-04-01,1989,"Q2",118900,10.6361538461538,123.633333333333,67880,309922.835804799,4.56574596058926
1989-07-01,1989,"Q3",120000,10.0076923076923,124.6,67880,310363.402889246,4.57223634191582
1989-10-01,1989,"Q4",124800,9.81384615384615,125.866666666667,67880,319529.644067797,4.70727230506477
1990-01-01,1990,"Q1",123900,10.1315384615385,128.033333333333,67050,311857.041916168,4.65111173625903
1990-04-01,1990,"Q2",126800,10.3238461538462,129.3,67050,316029.795308069,4.71334519475122
1990-07-01,1990,"Q3",117000,10.1030769230769,131.533333333333,67050,286653.558033452,4.27522085061076
1990-10-01,1990,"Q4",121500,9.95923076923077,133.766666666667,67050,292708.729130326,4.36552914437474
1991-01-01,1991,"Q1",120000,9.50076923076923,134.766666666667,65100,286949.888696512,4.4078323916515
1991-04-01,1991,"Q2",119900,9.52230769230769,135.566666666667,65100,285018.838947627,4.37816956908798
1991-07-01,1991,"Q3",120000,9.27307692307692,136.6,65100,283098.682284041,4.34867407502367
1991-10-01,1991,"Q4",120000,8.69,137.733333333333,65100,280769.215876089,4.31289118089231
1992-01-01,1992,"Q1",119500,8.68846153846154,138.666666666667,64560,277717.425480769,4.3016949423911
1992-04-01,1992,"Q2",120000,8.67769230769231,139.733333333333,64560,276750.572519084,4.28671890519027
1992-07-01,1992,"Q3",120000,8.01769230769231,140.8,64560,274653.977272727,4.25424376196913
1992-10-01,1992,"Q4",126000,8.19214285714286,142.033333333333,64560,285882.497066416,4.42816755059505
1993-01-01,1993,"Q1",125000,7.72333333333333,143.066666666667,64240,281565.121155638,4.38301869793958
1993-04-01,1993,"Q2",127000,7.45307692307692,144.1,64240,284018.769373121,4.42121372000499
1993-07-01,1993,"Q3",127000,7.08769230769231,144.766666666667,64240,282710.831222657,4.40085353708993
1993-10-01,1993,"Q4",127000,7.04642857142857,145.966666666667,64240,280386.649920073,4.3646738779588
1994-01-01,1994,"Q1",130000,7.29583333333333,146.7,64930,285575.232901613,4.39820164641326
1994-04-01,1994,"Q2",130000,8.42769230769231,147.533333333333,64930,283962.178038861,4.37335866377424
1994-07-01,1994,"Q3",129700,8.59428571428571,148.9,64930,280706.571300649,4.3232184090659
1994-10-01,1994,"Q4",132000,9.10538461538462,149.766666666667,64930,284031.212997997,4.37442188507619
1995-01-01,1995,"Q1",130000,8.78538461538461,150.866666666667,66990,277688.157313301,4.1452180521466
1995-04-01,1995,"Q2",133900,7.91769230769231,152.1,66990,283699.561253561,4.23495389242516
1995-07-01,1995,"Q3",132000,7.69615384615385,152.866666666667,66990,278271.312690798,4.15392316302132
1995-10-01,1995,"Q4",138000,7.33923076923077,153.7,66990,289342.693558881,4.31919232062817
1996-01-01,1996,"Q1",137000,7.27230769230769,155.066666666667,67980,284714.389509888,4.18820814224607
1996-04-01,1996,"Q2",139900,8.10230769230769,156.4,67980,288262.578431373,4.24040274244443
1996-07-01,1996,"Q3",140000,8.14692307692308,157.3,67980,286818.139436321,4.21915474310564
1996-10-01,1996,"Q4",144100,7.70307692307692,158.666666666667,67980,292674.971008403,4.30530995893503
1997-01-01,1997,"Q1",145000,7.79307692307692,159.633333333333,69390,292719.544790144,4.21846872445805
1997-04-01,1997,"Q2",145800,7.92692307692308,160,69390,293660.0325,4.23202237354086
1997-07-01,1997,"Q3",145000,7.47,160.8,69390,290595.750414594,4.18786208984859
1997-10-01,1997,"Q4",144200,7.20538461538462,161.666666666667,69390,287443.22556701,4.14243011337383
1998-01-01,1998,"Q1",152200,7.05,162,71930,302765.885596708,4.2091739968957
1998-04-01,1998,"Q2",149500,7.09769230769231,162.533333333333,71930,296419.009433962,4.12093715325959
1998-07-01,1998,"Q3",153000,6.87230769230769,163.366666666667,71930,301811.152825954,4.19590091513908
1998-10-01,1998,"Q4",153000,6.76428571428571,164.133333333333,71930,300401.393176279,4.17630186537299
1999-01-01,1999,"Q1",157400,6.8775,164.733333333333,73760,307914.785107244,4.17454968963183
1999-04-01,1999,"Q2",158700,7.18153846153846,165.966666666667,73760,308150.840329383,4.17775000446561
1999-07-01,1999,"Q3",159100,7.78615384615385,167.2,73760,306648.756379585,4.1573855257536
1999-10-01,1999,"Q4",165300,7.84071428571429,168.433333333333,73760,316265.712645953,4.2877672538768
2000-01-01,2000,"Q1",165300,8.25692307692308,170.1,73560,313166.891240447,4.25729868461728
2000-04-01,2000,"Q2",163200,8.31615384615385,171.433333333333,73560,306783.632899086,4.17052247008002
2000-07-01,2000,"Q3",168800,8.02,173,73560,314436.997302505,4.27456494429724
2000-10-01,2000,"Q4",172900,7.62076923076923,174.233333333333,73560,319794.543332696,4.34739727205948
2001-01-01,2001,"Q1",169800,7.00692307692308,175.9,72350,311085.055144969,4.29972432819584
2001-04-01,2001,"Q2",179000,7.13,177.133333333333,72350,325656.714339481,4.50112943109165
2001-07-01,2001,"Q3",172500,6.96384615384615,177.633333333333,72350,312947.823231376,4.32547094998446
2001-10-01,2001,"Q4",171100,6.77076923076923,177.5,72350,310641.12713615,4.29358848840567
2002-01-01,2002,"Q1",188700,6.97153846153846,178.066666666667,71770,341504.611381505,4.75831979074133
2002-04-01,2002,"Q2",187200,6.81307692307692,179.466666666667,71770,336147.084695394,4.68367123722159
2002-07-01,2002,"Q3",178100,6.28923076923077,180.433333333333,71770,318093.246259006,4.43211991443509
2002-10-01,2002,"Q4",190100,6.07538461538462,181.5,71770,337530.318089991,4.70294437912764
2003-01-01,2003,"Q1",186000,5.84076923076923,183.366666666667,71810,326888.660243592,4.55213285397009
2003-04-01,2003,"Q2",191800,5.50692307692308,183.066666666667,71810,337634.354697742,4.70177349530347
2003-07-01,2003,"Q3",191900,6.03384615384615,184.433333333333,71810,335307.185613591,4.66936618317214
2003-10-01,2003,"Q4",198800,5.91928571428571,185.133333333333,71810,346050.164926179,4.81896901442946
2004-01-01,2004,"Q1",212700,5.5975,186.7,71700,367138.959828602,5.12048758477827
2004-04-01,2004,"Q2",217600,6.10615384615385,188.166666666667,71700,372669.199645704,5.19761784722042
2004-07-01,2004,"Q3",213500,5.89428571428571,189.366666666667,71700,363330.32388664,5.06736853398382
2004-10-01,2004,"Q4",228800,5.73615384615385,191.4,71700,385231.141762452,5.37281927144285
2005-01-01,2005,"Q1",232500,5.76846153846154,192.366666666667,72810,389493.701264945,5.34945338916283
2005-04-01,2005,"Q2",233700,5.70846153846154,193.666666666667,72810,388875.995524957,5.34096958556458
2005-07-01,2005,"Q3",236400,5.76384615384615,196.6,72810,387499.601220753,5.32206566708904
2005-10-01,2005,"Q4",243600,6.22615384615385,198.433333333333,72810,395612.456240551,5.43349067766174
2006-01-01,2006,"Q1",247700,6.24692307692308,199.466666666667,73620,400187.001002674,5.43584625105506
2006-04-01,2006,"Q2",246300,6.60230769230769,201.266666666667,73620,394366.357403114,5.35678290414444
2006-07-01,2006,"Q3",235600,6.56,203.166666666667,73620,373706.052830189,5.07614850353421
2006-10-01,2006,"Q4",245400,6.24384615384615,202.333333333333,73620,390853.876112026,5.30907193849533
2007-01-01,2007,"Q1",257400,6.21461538461538,204.317,74810,405986.264481174,5.42689833553233
2007-04-01,2007,"Q2",242200,6.35846153846154,206.631,74810,377733.899882722,5.04924341508785
2007-07-01,2007,"Q3",241800,6.55153846153846,207.939,74810,374737.924102742,5.00919561693279
2007-10-01,2007,"Q4",238400,6.22461538461538,210.489666666667,74810,364991.517873403,4.87891348580943
2008-01-01,2008,"Q1",233900,5.87230769230769,212.769666666667,72260,354264.642673063,4.90263828775343
2008-04-01,2008,"Q2",235300,6.08692307692308,215.537666666667,72260,351808.275738347,4.86864483446371
2008-07-01,2008,"Q3",226500,6.32230769230769,218.861,72260,333508.669886366,4.61539814401282
2008-10-01,2008,"Q4",222500,5.84142857142857,213.848666666667,72260,335297.850816621,4.64015846687823
2009-01-01,2009,"Q1",208400,5.06,212.377666666667,71790,316224.977830374,4.40486109249721
2009-04-01,2009,"Q2",220900,5.01230769230769,213.507,71790,333419.425436481,4.64437143664132
2009-07-01,2009,"Q3",214300,5.16230769230769,215.344,71790,320698.328565768,4.46717270602824
2009-10-01,2009,"Q4",219000,4.92214285714286,217.03,71790,325185.854490163,4.52968177309044
2010-01-01,2010,"Q1",222900,4.99583333333333,217.374,70110,330453.056023259,4.71335124837055
2010-04-01,2010,"Q2",219500,4.92230769230769,217.297333333333,70110,325527.309738423,4.64309384878652
2010-07-01,2010,"Q3",224100,4.44714285714286,217.934333333333,70110,331377.871010075,4.72654216246006
2010-10-01,2010,"Q4",224300,4.43615384615385,219.699,70110,329009.542753191,4.69276198478378
2011-01-01,2011,"Q1",226900,4.84692307692308,222.043666666667,69070,329308.853363678,4.76775522460805
2011-04-01,2011,"Q2",228100,4.65076923076923,224.568333333333,69070,327328.688669373,4.73908627000685
2011-07-01,2011,"Q3",223500,4.29153846153846,226.032666666667,69070,318649.777760737,4.61343242740317
2011-10-01,2011,"Q4",221100,4.00230769230769,227.047333333333,69070,313819.292012532,4.54349633723081
2012-01-01,2012,"Q1",238400,3.92230769230769,228.326,69070,336479.169841951,4.87156753788839
2012-04-01,2012,"Q2",238700,3.79461538461538,228.808,69070,336192.88282461,4.86742265563356
2012-07-01,2012,"Q3",248800,3.55384615384615,229.841,69070,348843.130105885,5.0505737672779
2012-10-01,2012,"Q4",251700,3.35923076923077,231.369333333333,69070,350578.050389853,5.07569205718623
2013-01-01,2013,"Q1",258400,3.49692307692308,232.299333333333,71670,358469.200370786,5.00166318363033
2013-04-01,2013,"Q2",268100,3.67230769230769,232.045,71670,372333.317819101,5.19510698784849
2013-07-01,2013,"Q3",264800,4.44,233.3,71670,365772.072581797,5.10355898676988
2013-10-01,2013,"Q4",273600,4.29307692307692,234.162666666667,71670,376535.336119621,5.25373707436334
2014-01-01,2014,"Q1",275200,4.36461538461538,235.621,70760,376393.1715198,5.31929298360372
2014-04-01,2014,"Q2",288000,4.22769230769231,236.872333333333,70760,391818.962957543,5.5372945584729
2014-07-01,2014,"Q3",281000,4.13538461538462,237.478333333333,70760,381320.039021104,5.38892084540848
2014-10-01,2014,"Q4",298900,3.96357142857143,236.888333333333,70760,406620.756333856,5.7464776191896
2015-01-01,2015,"Q1",289200,3.71666666666667,235.355,74590,395988.123473051,5.30886343307483
2015-04-01,2015,"Q2",289100,3.81923076923077,236.96,74590,393169.981150124,5.27108166175257
2015-07-01,2015,"Q3",295800,3.95461538461538,237.855,74590,400768.136890122,5.37294727027915
2015-10-01,2015,"Q4",302500,3.89785714285714,237.837,74590,409876.729300599,5.49506273361844
2016-01-01,2016,"Q1",299800,3.73846153846154,237.689333333333,77230,406470.692276192,5.26311915416538
2016-04-01,2016,"Q2",306000,3.58923076923077,239.590333333333,77230,411584.902562847,5.32933966804152
2016-07-01,2016,"Q3",303800,3.44615384615385,240.607333333333,77230,406898.614339823,5.26866003288649
2016-10-01,2016,"Q4",310900,3.84230769230769,242.134666666667,77230,413781.482205494,5.35778171961018
2017-01-01,2017,"Q1",313100,4.17307692307692,243.838666666667,78600,413797.434642578,5.26459840512186
2017-04-01,2017,"Q2",318200,3.98,244.12,78600,420053.023649571,5.34418605152126
2017-07-01,2017,"Q3",320500,3.88384615384615,245.287,78600,421076.305171765,5.35720490040413
2017-10-01,2017,"Q4",337900,3.92230769230769,247.238333333333,78600,440432.831748043,5.60347114183261
2018-01-01,2018,"Q1",331800,4.28230769230769,249.321666666667,79620,428868.018690714,5.38643580370151
2018-04-01,2018,"Q2",315600,4.54461538461538,250.679,79620,405719.930269388,5.09570372104231
2018-07-01,2018,"Q3",330900,4.56692307692308,251.686333333333,79620,423686.312990111,5.32135535029026
2018-10-01,2018,"Q4",322800,4.78461538461538,252.711,79620,411639.157773108,5.1700471963465
2019-01-01,2019,"Q1",313000,4.37384615384615,253.385666666667,85320,398079.299407885,4.66572080881253
2019-04-01,2019,"Q2",322500,4.01076923076923,255.247333333333,85320,407170.032465243,4.77226948505911
2019-07-01,2019,"Q3",318400,3.65846153846154,256.089333333333,85320,400671.886372984,4.69610743522016
2019-10-01,2019,"Q4",327100,3.7,257.888,85320,408749.007579518,4.79077599132112
2020-01-01,2020,"Q1",329000,3.52153846153846,258.817666666667,83590,409646.531084303,4.90066432688482
2020-04-01,2020,"Q2",317100,3.23923076923077,256.292,83590,398720.433724034,4.76995374714719
2020-07-01,2020,"Q3",327900,2.95230769230769,259.221666666667,83590,407640.587913819,4.87666692084961
2020-10-01,2020,"Q4",338600,2.76071428571429,261.091666666667,83590,417927.784239252,4.99973422944433
2021-01-01,2021,"Q1",355000,2.87583333333333,263.742333333333,83270,433766.302211628,5.2091545840234
2021-04-01,2021,"Q2",367800,3.00384615384615,268.550333333333,83270,441360.365220176,5.30035265065661
2021-07-01,2021,"Q3",395200,2.87214285714286,272.829666666667,83270,466801.931852474,5.60588365380659
2021-10-01,2021,"Q4",414000,3.07923076923077,278.771333333333,83270,478585.493008607,5.74739393549426
2022-01-01,2022,"Q1",413500,3.82230769230769,284.905666666667,81460,467715.462544913,5.7416580228936
2022-04-01,2022,"Q2",437700,5.26615384615385,291.605333333333,81460,483713.696823103,5.93805176556719
2022-07-01,2022,"Q3",438000,5.62307692307692,295.453,81460,477741.542648069,5.86473781792376
2022-10-01,2022,"Q4",442600,6.66461538461538,298.541666666667,81460,477764.369239358,5.86501803632897
2023-01-01,2023,"Q1",429000,6.37230769230769,301.230333333333,84730,458950.546149071,5.41662393661125
2023-04-01,2023,"Q2",418500,6.51076923076923,303.397666666667,84730,444519.203070118,5.24630240847537
2023-07-01,2023,"Q3",435400,7.04,305.989,84730,458553.393313703,5.4119366613207
2023-10-01,2023,"Q4",423200,7.30384615384615,308.195,84730,442514.363092631,5.22264089569964
2024-01-01,2024,"Q1",426800,6.74846153846154,311.003333333333,85210,442248.805050321,5.19010450710387
2024-04-01,2024,"Q2",414500,6.99538461538462,313.080666666667,85210,426653.768677295,5.00708565517304
2024-07-01,2024,"Q3",415300,6.50846153846154,314.121,85210,426061.469518646,5.00013460296498
2024-10-01,2024,"Q4",419300,6.63230769230769,316.587666666667,85210,426813.523584305,5.0089604927157
2025-01-01,2025,"Q1",423100,6.82769230769231,319.475,87460,426789.226282703,4.87982193325753
2025-04-01,2025,"Q2",416100,6.78846153846154,320.785666666667,87460,418013.263477067,4.77947934458115
2025-07-01,2025,"Q3",410100,6.56615384615385,323.235,87460,408863.827865175,4.67486654316459
2025-10-01,2025,"Q4",412300,6.22642857142857,325.547,87460,408137.912088475,4.66656656858535
2026-01-01,2026,"Q1",408500,6.10916666666667,328.113666666667,NA,401213.042025071,NA
2026-04-01,2026,"Q2",410700,6.41461538461538,332.984666666667,NA,397473.124288005,NA
